id,text,true_label,pred_label,confidence
4473,hola quiero mi dinero de vuelta y ceder mi reserva a otro gracias …,negative,positive,0.8300113081932068
9927,mucha gente pero merece la pena,positive,negative,0.4750577509403229
13712,a reventar en cualquier horario,negative,positive,0.40638425946235657
8664,de vergüenza las instalaciones a pesar de que las cuotas no paran de subir el estado de las instalaciones es penoso de las taquillas más de la mitad están rotas o no funcionan las duchas tienes que jugar al pinto pinto para encontrar una que funcione y tenga agua caliente el director que han puesto chulo y prepotente se mucho cuidado que sabe muy poco se atención al cliente vamos miles de opciones con mejores instalaciones y más baratas que estas y para colmo para un socorrista amable y eficiente que había yalejandro pues parece que ya no está por culpa de una madre mal educada y cuyo hijo se caga en la piscina,negative,positive,0.5942267775535583
6626,2022 hace poco hicieron reforma y le sentó espectacular el gimnasio no tiene ventanas en prácticamente el 90 lo que lo hace un poco triste pero con la reforma supieron aprovecharlo con paredes negras y luces led a nivel de instalaciones y clases es muy completo sin embargo lo que ya va pidiendo reforma es el vestuario en invierno se pasa frío en las duchas que están casi abiertas porque la puerta es enana algunas duchas la puerta no se mantiene cerrada y se te abre encima mientras te estás duchando otras tienen el suelo abombado que se encharca y resulta poco higiénico las taquillas algunas están rotas pero no lo indica con ningún cartel te puede pasar que guardes tus cosas en un taquilla pongas el candado y no te des cuenta de que está mal cerrada hasta que vuelvas a intentar abrirla al final de la sesión por otro lado en junio de 2022 seguían sin abrir la sauna por covid cuando ya nadie llevaba mascarilla y habían recuperado la huella como método de entrada se ve que para unas cosas hay covid para otras no además habréis visto ya en el resto de comentarios la gincana que hay que hacer si te quieres despuntar que no se entiende en absoluto finalmente decir que a pesar de todo lo dicho no le pongo menos de 4 estrellas ya que he querido hacer una crítica lo más constructiva posible para que puedan mejorar todos estos puntos porque en conjunto está bastante bien y los trabajadores son todos estupendos edito 2023 han arreglado las puertas y el suelo de las duchas también han reformado la entrada y les ha quedado chula,positive,negative,0.4599381685256958
8554,modernas instalaciones y máquinas para entrenar profesorado muy atento a las capacidades de cada alumno,positive,negative,0.5569338798522949
8089,me gusta este gimnasio me siento atenido lo recomiendo,positive,negative,0.4549643397331238
7751,instalaciones y personal de 10 los entrenadores personales que hay ahora son súper amables siempre entrenes con ellos o no siempre dispuestos a ayudar! suele estar mas lleno los sábados por la mañana,positive,negative,0.4875389635562897
9358,ayer fui a entrenar y el entrenador que estaba en la recepción me dijo que me fuera al de las tablas norte que este estaba bastante lleno y el otro mucho mejor de gente además me dijo que estaba a 2min pobre de mí le hice caso tardé 10min en coche en llegar y cuando entré no voy a comentar el asunto porque sobran las palabras pero os recomiendo ver los comentarios del sitio que son para echarse a llorar me tuve que ir sin entrenar de lo lleno que estaba todo desde aquí quiero dar las gracias al sinvergüenza del entrenador moreno con gafas que me hizo esa bonita recomendación ya sabéis uno de los factores que hace que esté tan desbordado,negative,positive,0.5141841173171997
8678,ha bajado muchísimo la calidad suben la cuota tienen un montón de taquillas estropeadas y ahora aunque han renovado las máquinas han dejado muchas menos con todo el espacio desaprovechado así es imposible ir a ciertas horas,negative,positive,0.4785888195037842
10774,el único fallo es que no tiene ascensor,positive,negative,0.5744389891624451
11772,la verdad que estaba buscando un gimnasio que tuviera toda la equipación pero sin estar llena de gente cuando fui a preguntar vi que había muchísima gente y eran las 20 30 a 21 00 un jueves sin embargo le di una oportunidad para probarlo y sinceramente parece mucha gente pero cuando estas en las maquinas al final no parece que haya tanta gente a veces tienes que esperar pero se libra bastante rápido ya que hay varias maquinas tienen taquillas que se abren y se cierran con una pulsera clases que puedes atender cuando quieras una sauna y vestuario lo malo yo pondría aquí sería la tasa de subscripción creo que a mi me dijeron 40€,positive,negative,0.7343912720680237
9990,instalaciones ambiente sistema,negative,positive,0.5570719838142395
3379,el gimnasio abre desde las 6 hasta la 1 de la mañana lo cual prometía buena rotacion de aforo y poder entrenar a gusto ni llegando aqui a las 6 de la mañana te libras de tener que esperar por maquinas es una pena que hayan preferido sobrecargar el aforo que dejar un buen espacio para todos porque el gimnasio en si esta bien y durante unos meses se entrenaba genial eramos muchos los que llevábamos años esperando matriculados por su apertura estoy leyendo que la respuesta que dan es que pregunten en recepción o que aconsejan llegar pronto o mas tarde lo primero cada persona entrena cuando puede quiere levantarse a las 5 30 de la mañana no es apto para todos pero insisto son las 7 20 lo que creo es temprano como aconsejais desde fitnesspark y toda la sala de musculacion está llena ni una máquina libre es una vergüenza,negative,positive,0.7044522166252136
11974,el mejor gimnasio instalaciones amplias y modernas mucha clases amplia sala de máquinas lo que menos me gusta es que las taquillas sean con candado podían cerrarse con algún sistema más moderno,positive,negative,0.5437389016151428
11917,se trata de un gimnasio low cost que abrieron en madrid no hace mucho aunque debo decir que las instalaciones estan bastante bien y está todo nuevo el trato del personal deja mucho que desear ya que no hacen caso de nada y no resuleven apenas dudas todo esto también es debido a que al pagarse solo 20 euros al mes hay bastante cantidad de gente y conseguir coger una maquina para hacer ejercicios es toda una lucha,negative,positive,0.5098085403442383
11695,muy bien me gusta,negative,positive,0.9787377715110779
10974,el mejor box en el que he estado desde el primer momento han estado muy pendientes de mí adaptándome los ejercicios a mis necesidades corrigiendo para no hacerme daño las clases son cada día diferentes por lo que no se hace repetitivo sin duda lo mejor es el ambiente y el trato recomendable,positive,negative,0.745061457157135
1732,súper agusto con el trato recibido sobre todo de irene que siempre está atenta y ayuda en todo lo que necesito !,positive,negative,0.5799578428268433
3330,al final el trato al cliente es lo que hace distinto a un lugar porque gimansios hay muchos y personal tambien pero en especial en este centro hay que hablar sobre mónica y lucía que hacen que tu tarde sea distinta y marcan la diferencia con cualquier otro lugar de entramiento de lejos,positive,negative,0.43376845121383667
12024,gimnasio muy completo con mucha variedad en clases grupales y si no te gustan las clases grupales hay clases virtuales q son una maravilla antes me negaba a este tipo de clases tienen sauna q siempre está disponible el personal muy amable lo negativo sería pienso q los instructores de clase grupales no todos pero en su mayoría no brindan mucha ayuda a los socios nuevos,positive,negative,0.49681970477104187
350,tiene bastantes críticas este basic fit no entiendo por qué siempre está ordenado y las máquinas siempre limpias lo único es que es un poco más pequeño que algunos de la cadena y como es de esperar por su bajo precio en horas pico es bastante difícil entrenar pero en si el gym está bastante bien,positive,negative,0.5869424939155579
4792,no he visto mejor personal de staff que mónica y quimi son increíbles si tienes cualquier problema puedes contar con ellos que lo resolverán encantados,positive,negative,0.5287371277809143
5064,muy maja la recepcionista milagros para explicarme y darme de alta,positive,negative,0.590857982635498
11147,el servicio muy bueno hasta que el día 29 07 decido darme de baja por motivos de mudanza y me explica el empleado que no puedo hasta el mes que viene porque tenía que notificar antes del 20 de cada mes pero que se creen un piso? que hay que notificarles con antelación me parece un robo te deberías poder salir cuando quieras,negative,positive,0.5334262847900391
10237,un gran descubrimiento en plena estación de chamartin lo unico malo que solo tiene 2 pistas de paddle y se llenan facilmente,positive,negative,0.8477009534835815
8196,simplemente un increíble gimnasio!!,positive,negative,0.7147749066352844
6661,¿cuando va a estar operativa la sauna? gracias no entiendo por qué no se abre cuando la gran mayoría de gimnasios las han abierto existe la posibilidad de abrirlas con todas las garantías de higiene y seguridad tomando las medidas oportunas y gastando el dinero en ello,negative,positive,0.356149822473526
12408,acabo de darme de baja por qué el cuerpo y mi horario cada vez me responde peor pero estando apuntando desde que abrieron puedo decir que es de los mejores y más completos gimnasios que encontraréis de los df que he visitado todos están muy bien pero la cercanía y el tamaño de las instalaciones de éste son ideales las maquinas de calidad y con buen mantenimiento no he visto averías de semanas ni asientos y apoyos rajados por todos lados sauna y baño turco disfrutables amabilidad de los monitores de los entrenadores personales que serán los que van ofreciéndose como pone un comentario no puedo opinar no he usado sus servicios lo malo no todo va a ser bueno a ciertas horas hay mucha gente puede ser un poco agobiante si vas con una rutina de maquinas concretas lo peor de todo es el comportamiento de mucha gente que no te quita los discos al acabar que suelen ser los mismos que no saben la diferencia entre un bañador y unos calzoncillos en la zona de sauna y habría que darles un toque un cliente no además entre que voy sin gafas y con cascos paso muchas gracias por ser mi gimnasio estos años y espero poder volver quizá algún día,positive,negative,0.7262746095657349
3957,darío un crack llevabaas de 1 semana con problemas con la matricula y un momento me lo resolvio,positive,negative,0.6279911994934082
1810,ambiente increíble y los monitores súper atentos siempre,positive,negative,0.501984715461731
7157,me atendió maría una chica muy agradable me hizo un recorrido por todas las instalaciones y me gustó mucho el gym tiene muchas salas que se pueden utilizar aunque no estén dando clases espacioso y con máquinas de todo tipo además estaba bastante tranquilo fui sobre las 21 00 un año después me veo obligado a cambiar mi valoración los baños huelen mal tienen sauna pero lleva un año apagada para colmo darse de baja es un infierno,negative,positive,0.7535014152526855
8422,tengo que reconocerlo no me gusta hacer deporte pero si lo tengo que hacer en algun sitio este es el mejor lugar! es un espacio en el que te sientes muy agusto siempre super limpio con monitores encantadores y muchas maquinas y clases los baños perfectos con duchas siempre libres y secador de pelo y pese a que como decia no gustarme mucho el deporte han conseguido lo que parecia imposible que entre a las clases y las disfrute! muchas gracias!,positive,negative,0.45227906107902527
6909,el gimnasio no está mal pero llevan dos meses dando largas con la falta de aire acondicionado hace un calor que parece bikram gym no sé por qué no lo publicitan así escribes quejas a la página web ya que te dicen que lo hagas a través de ese medio y se pasan la pelota de unos a otros lamentable lo del aire acondicionado por lo demás bien actualizo la reseña a 17 10 2022 han puesto casi todas las luces de la sala de musculación azul si azul alegan que es por ahorro energético lo cual me parecería bien si no hubieran pintado las paredes hace unos meses de negro lo cual no refleja nada la luz y de ahorro energético poco,positive,negative,0.6143542528152466
1191,el gimnasio de referencia en el barrio de salamanca después de las reformas con la nueva propiedad uk supermoderno en maquinaria e instalaciones en mi opinión top el personal de recepción y entrenadores se nota que han puesto al frente a nacho gonzález que estaba de manager en sus instalaciones de la finca y llevaba ahí toda la vida atendiendo a los vip más vip de este país sin competencia el sitio al que hay que ir para el work out en la milla de oro de madrid,positive,negative,0.46291854977607727
4686,muy bien todo lo único malo igual que en todos los gimnasios es que después de las 6 hay demasiada gente,positive,negative,0.9174820184707642
4421,wow el trato de lucia dadle un ascenso,positive,negative,0.5012865662574768
6959,máquinas y equipamiento normal para el precio que cuesta en invierno ok porque hay poca gente pero en verano es un suplicio ir no hay aire acondicionado y ventiladores solo en un rincón con lo que la gente se concentra a última hora y se une al calor insoportable con aglomeraciones de gente y esperas para usar máquinas muchas de las cuales llevan en reparación meses,negative,positive,0.42077985405921936
4393,instalaciones muy compactadas alguien que tenga claustrofobia no puede entrenar ahí,negative,positive,0.3811975121498108
9237,instalaciones inmejorables muy comodo,positive,negative,0.8083305358886719
9211,mediocre atención muy masificado lo único bueno el precio,negative,positive,0.603356659412384
9794,muchísima gente da igual la hora que vayas mucho postureo entre los tíos y las tías de goma,negative,positive,0.8007528781890869
5539,has sido atendido por quimi esta mañana día 24 junio un lujo explicando todas mis dudas al instante,positive,negative,0.4980867803096771
13039,mohamed rabhi chabbar de los mejores gimnasios que hay en madrid amplio y grande con unas instalaciones que podría aterrizar un boeing 787 y le sobraría para aparcar monitores majos y dispuestos a prepararte para lucir tu cuerpo de hércules en las playas de conil de la frontera hay muchas duchas y son espaciosas por si se te cae la pastilla de jabón no temas por tus espaldas ah! y por cierto hay tantas chic s guap s que no tendrás que ir a garitos con tu camiseta xs a enseñar tus músculos podrás apretar los bíceps ahí mismo!!,positive,negative,0.6043596267700195
2433,la recepcionista ana muy maja,positive,negative,0.719350278377533
13760,fenomenal …,positive,negative,0.6260927319526672
9668,bien como los gimnasios lowcost mucho machaca que acapara aparatos media hora hay que buscar los huecos con menos gente,positive,negative,0.6956899762153625
13439,0 empatía con los usuarios,negative,positive,0.6240105628967285
13428,es carísimo para lo gentrificado que está,negative,positive,0.6011682152748108
8276,este lugar cuenta con equipos bastante modernos aunque sin duda hay algunos antiguos la impresión general es de limpieza en horas punta es imposible hacer ejercicio 30 € mes 20 € de cuota de inscripción para extranjeros sin nie 100 € por 3 meses clases gratuitas para miembros faltan esterillas de yoga de tamaño normal además este lugar podría beneficiarse de intercambiar máquinas vacías y poco populares por otras más populares,positive,negative,0.5019908547401428
11826,es buen gimnasio pero no me parce correcto que cuando una profesora monitora funciona y llena clases que le quiten clases belén es buena en su clase de zumba y a los llenos de sus clases me remito porque se le quitan clases??? es una de las mejores en zumba esperemos que le den más horas por el bien de todos nosotros que nos gustan sus clases de zumba gracias,negative,positive,0.9038891196250916
11333,gran gimnasio por el personal no por la dirección actualmente masificado pocos golpes de calor hay para la temperatura ambiente de la zona de cardio más calor que en el baño turco,negative,positive,0.5666196346282959
13183,atención al cliente pésima te pones en contacto con ellos y no te hacen ni caso lástima que no hagan otro gimnasio cerca ya veriais como os poniais las pilas,negative,positive,0.38623517751693726
3635,un gimnasio increíble con un trato increíble en la recepción con la chica a la hora de matricularme y aconsejarme a la hora de coger uno de los tres planes que hay merece la pena apuntarse sin duda comparando con los demás gimnasios,positive,negative,0.5866302847862244
8250,gimnasio decente no estaba demasiado lleno para la hora a la que fui media tarde no tuve que esperar mucho buena zona de vestuarios y en general un gimnasio de tamaño decente quizás algunas máquinas estén un poco juntas pero bueno no es caro ¿qué me puedo esperar? la recepcionista fue excelente fui sobre las 15 00 del 16 de julio pero no pude entrar soy nuevo y pensé que había comprado la suscripción para usar cualquier vivagym pero no fue así así que la recepcionista me ayudó a mejorar mi suscripción tardó solo dos o tres minutos y ya estaba dentro después del entrenamiento intenté suscribirme a yanga water pero la aplicación no me lo permitió la recepcionista intentó ayudarme de nuevo dedicando al menos cinco minutos a intentar solucionar el problema en la aplicación de mi teléfono pero parece que hay un problema con la aplicación también lo intenté en la página web más tarde pero no lo he conseguido pierdo a un empleado por esto ya fui socio de viva en barcelona y aunque ese gimnasio estaba un poco lleno para mi gusto el personal siempre me pareció agradable así que viva sigan así teniendo un personal tan motivado pero solucionen el problema con la suscripción al agua yanga intentaré volver a suscribirme mañana,positive,negative,0.38596755266189575
8771,buenas tardes me experiencia en go fit montecarmelo tras más de doce años y como socio fundador del centro es que ahora los que fundamos y dimos continuidad al centro sobramos el porque es muy sencillo al tener una cuota mensual más baja que un socio que acaba de entrar cosa muy normal después de estar pagando doce años religiosamente ahora el centro está masificado las instalaciones no se cuidan y lo más vergonzoso es que suben las cuotas unilateralmente sin ni si quiera avisar cada uno que saque sus conclusiones de está nueva dirección me un verguenza que después de doce años se traté así a los que hemos dado continuidad a este centro,negative,positive,0.4779949188232422
7462,desde que descubrí las clases de entrenamiento funcional hyroxwod y powerwod no hago otra cosa buenísimos entrenamientos por las tardes con débora y chelena por favor más horarios y más capacidad se agotan las plazas en un suspiro,positive,negative,0.4090079665184021
12424,no suelo realizar recomendaciones llevo entrenando muchos años en gimnasios y centros deportivos pero siempre en un perfil bajo y cuasi anti social ir a entrenar solo relacionarme lo mínimo e irme después de ya varios años de estancia en el dreamfit ventas y debido a un suceso reciente lamentable y desafortunado que se resolvió con una profesional gestión del problema por parte de la dirección del dreamfit si me voy a tomar la licencia de opinar sobre este gimnasio llevo varios años en este gym desde el periodo covid 19 dreamfit ventas es uno de los gym que utilizo en madrid por su buena ubicación dentro de mi ámbito profesional y personal la relación calidad precio es excelente atendiendo a instalaciones y personal buenos monitores y personal trainer douglas adrian javi araceli mara luis álvaro joel equipo muy dinámico y buena predisposición con los socios la dirección del centro bajo mi experiencia solo puedo decir que ha sido muy profesional en las distintas situaciones en las que me he visto involucrado el ambiente en este gym también es en general de lo mejor que me he encontrado en mis años que ya son unos cuantos frecuentando gimnasios y centros deportivos buen ambiente entre socios y usuarios buen rollo y la creación de grupos consecuencia de ese buen ambiente la única mala situación que he tenido en todo este tiempo por lo que me tocó presenciar y lo lamentable que fue ocurrió hace un par de meses estando de charla con dos amigas en una zona fuera de máquinas en el pasillo de las fuentes después de unos minutos de comentarios graciosos entre nosotros tuve que presenciar a un usuario como en actitud agresiva y con comentarios ofensivos increpaba gesticulando de forma agresiva a mis dos amigas que si les estaba taladrado la cabeza que les estaba molestando que si al gimnasio no se iba a hablar cuando intento dialogar con ese usuario no solo no rectifica en su actitud y comentarios si no que los reafirma y se enfrenta conmigo posteriormente mentiría e intentaría manipular sobre lo ocurrido a los responsables que había en ese momento la situación no pasa a mayores por la intervención de uno de los monitores no sólo realiza comentarios ofensivos si no que en la situación actual serían hasta denunciables cuando interviene la dirección del centro y me consulta solo les pido que analicen las grabaciones de las cámaras no necesité argumentar mas el suceso lo gestionaron hablando con el usuario y apercibiendole de sanción y de que esos graves sucesos no volvieran a ocurrir el usuario parece ser que abandonó el centro pero intentó dedicarse a desinformar sobre lo ocurrido e intentar realizar malos y falsos comentarios sobre el centro mi recomendación personal subjetiva es que probéis en este gym 2 3 meses y luego valoréis buen equipo buen ambiente excelentes instalaciones sauna y baño de vapor de obligado uso por poner un pero sería que antes teníamos un parking a precio muy económico y por tiempo ilimitado pero por el abuso y mala utilización de algunos usuarios se canceló,positive,negative,0.5955356955528259
5863,el gym me gusta mucho jorge es majísimo,positive,negative,0.4674396216869354
4911,he ido hoy a apuntarme y me ha atendido jorge me ha enseñado las máquinas y el funcionamiento general del gimnasio un trato excepcional!,positive,negative,0.5931767821311951
6600,fui al gym durante 2 años y todo fue fenomenal cuando me di de baja porque me mudaba a otra localidad no tuve ningún problema me dieron de baja en 5 minutos volvería al gym si abrieran uno en alcorcón,positive,negative,0.4795151352882385
8104,las clases con arturo se hacen muy amenas y el dolor se nota menos gracias a eso,positive,negative,0.8413638472557068
8601,para ganar la estrella que os falta ampliad el horario en fines de semana,positive,negative,0.4738259017467499
12562,buenas instalaciones aunque colapsadas dreamfit ventas es prácticamente la academia de los gimnasios de la cadena de dreamfit pues los profesores suelen ser de iniciación mientras en el resto hay más nivel en cuanto un profesor despunta tiene no pocas papeletas para que se lo lleven a otro gimnasio de la cadena eso sí el precio es el mismo las sugerencias y recomendaciones de los usuarios tanto respecto a este aspecto como a otros caen en saco roto una pena,negative,positive,0.7152924537658691
1574,el gimnasio como tal de instalaciones está realmente bien buen tamaño buenas máquinas el problema es ya el número de socios a cualquier hora he probado 3 horarios diferentes y es imposible entrenar con agilidad por las tardes incluso 3 4 personas esperando cualquier polea cualquier máquina por lo que es el motivo por el cual no renovaré el próximo mes,negative,positive,0.6155282855033875
8606,es un gimnasio muy chulo,positive,negative,0.4430219531059265
3159,llevo entrenando 3 años y no veía resultados físicos por cuestiones familiares me mudé a madrid y he empezado en este gimnasio con el monitor manu fuster y desde entonces las señoras en el mercado no paran de decirme piropos sin duda un gran descubrimiento y un gran profesional …,positive,negative,0.35830193758010864
8393,hace un par de meses empece unas rutinas con el personal trainer mario y no puedo estar más contento poco a poco sigo viendo resultados mario es un gran profesional y me hace enfocar mucho más en la técnica y poco a poco me va aumentando las pesas además las clases con él son una pasada se trabaja mucho y al mismo tiempo siempre damos una charla la verdad es que la clase se hace muy cortita me gustaría también mencionar los otros dos personal trainer los italianos y no porque son mi compatriotas si no porque son muy majos y siempre te preguntan por cualquier cosa son un equipo de gente súper profesional y preparada de verdad se aprende mucho con ellos,positive,negative,0.5550339818000793
12527,mi nombre es alejandro cabello montes y desde que estoy apuntado a este gimnasio me es mas fácil levantarme de la cama cada mañana con los pedazo abdominales que me están saliendo enserio es muy heavy no sabia que tenia tremendos kit kats de titan ahi no nos olvidemos del recorrido de la sauna que me mantiene zen por zen zen en todo momento,positive,negative,0.7647473812103271
7402,soy usuaria del gimnasio de embajadores en rasgos generales satisfecha con instalaciones y personal quiero hacer una crítica a un perfil de usuario y una queja al responsable del gimnasio se trata del usuario que no quiere compartir màquinas material del usuario que usa una màquina y al acabar una de las series q està haciendo permanece sentado en la màquina sin ceder el uso a otro usuario o se pone a chatear sentado ocupando la màquina sin dar la posibilidad a que otra persona en sus descansos pueda usar la màquina discos barras no solo se niegan a compartir el material es que se cabrean si les pides compartir ya se lo puedes pedir recitando poesía que se mosquean las excusas son variadas es que estoy haciendo bi series es que descanso 3 minutos mejor acabo y luego tú q es un rollo andar cambiando pesos y luego està el que no sabes cuàndo ni porqué ya has asumido junto a todo el gimnasio que mientras él està esa màquina no se pide ni se usa la gente necesita descansar sobre la propia màquina o descansar mirando la barra o la cuerda claro tú es que eres pro necesitas descansar tres minutos yo en esos tres minutos puedo hasta casi hacer dos series y descansar te importa? bueno es que mejor acabo y ya te pones tú madurar en el gimnasio tener una actitud madura es compartir es respeto al otro y a su tiempo madurar en el gimnasio es saber que si alguien te està mirando o pasa por tu lado y se queda ahí no es que esté enamorado de ti es que quiere usar la màquina material también si necesitas un gimnasio para ti solo móntatelo en tu casa en el gimnasio se comparte el material sé maduro sé empàtico con el prójimo y comparte el material y la queja al responsable del gimnasio pues queda también reflejada a la gente hay que tratarla acorde a la madurez que presenta en otros gimnasios p e dreamfit hay unos carteles enormes en los que se leen las frases las màquinas se comparten si necesitas contestar un mensaje levàntate de la màquina y libérala ya lo de descargar las màquinas lo dejo para otro día porque tiene tela que una persona acabe de usar la prensa y te la deje cargada con 200 kilos estas son las personas que van de estupend s de esas que tendràn asistencia en casa y piensan que el mundo es parte de su servicio si no tienes madurez por favor no vayas al gimnasio pero por si te sirve de algo en el gimnasio se comparte se descargan y se colocan pesos y preferentemente al gimnasio se va cagado meado y chateado gracias,positive,negative,0.6057658791542053
8996,un gym con unas medidas de seguridad inmejorables te hacen sentir que estás muy protegido si pudiera poner 10 estrellas las pondría!!!!!!!! unos cracks,positive,negative,0.6093838214874268
915,muy bueno,negative,positive,0.9908360242843628
11332,muy buen gimnasio tiene de todo personal amable lo único malo es que hay demasiada gente y eso los lunes por la tarde se nota,positive,negative,0.6558022499084473
2743,es un buen gimnasio comparado con la competencia pero a principios de este año cambiaron los armarios del primer piso que eran libres de uso para todos los usuarios a armarios con clave que solo son usables si se paga una cuota adicional de 12€ cada cuatro semanas lo que de por sí es un precio mayor a un candado pequeño en cualquier bazar o ferretería si además se toma en consideración que un cobro cada 4 semanas equivale a 13 cobros al año a diferencia de 12 cobros en modalidad mensual deja ver que se tiene poco respeto por sus usuarios todo esto se traduce en una menor disponibilidad de armarios para los usuarios y una misión por encontrar un armario vacío todos los días los trabajadores son muy profesionales y dispuestos siempre a ayudar,negative,positive,0.6288920640945435
9380,un fantástico gimnasio de los llamados low cost en precio pero con todos los servicios e instalaciones que se le pueden pedir a un gimnasio premium la limpieza tanto de las salas como de los vestuarios es exquisita posee multitud de máquinas y aparatos de todo tipo modernos y actualizados adicionalmente se pueden contratar servicios de entrenador personal y nutrición el personal es atento y amable una maravilla por 29 90€ mes,positive,negative,0.525829553604126
8595,tienen absolutamente todo lo que necesitas para ponerse en forma y el ambiente es inmejorable,positive,negative,0.532893717288971
2878,me acerqué para dar solución a una incidencia con respecto a mi tarifa y la señorita raquel muy amablemente me atendió creo que lo solucionamos pero no me acuerdo porque me quedé ensimismado dado que mirarla a los ojos era como mirar al cielo,positive,negative,0.5870994329452515
5375,mili muy atento y resolvio todas mis dudas,positive,negative,0.615989625453949
6369,un trato increíble de parte de jenny y de sus compañeros,positive,negative,0.7484307289123535
7957,gran variedad de clases dirigidas monitores muy dinámicos y motivadores al medio día no suele haber mucha gente,positive,negative,0.3899476230144501
6688,es un buen gym donde se puede destacar que está ordenado limpio buenas máquinas aunque últimamente algunas están inutilizables y el servicio digamos que bueno salvo un personaje que lleva una camiseta de coach que por su edad sus canas y su gesto poco amigable parece estar aburrido de la vida que tiene la libertad de opinar o criticar de los socios por su forma de vestir o de hablar y a saber de que más socios que como yo llevamos años pagando una membresia para que seguir en esta cadena llamada holiday gym pudiendo ir a otras mucho más económicas o de instalaciones a1 y así pueda mantenerse y no cerrar como la de ortega y gasset en fin creo que esta persona debería recordar que es empleado de una cadena prestigiosa y no olvidar ni sus funciones ni su educación al menos si lleva puesto como logo el nombre de holiday gym en fin supongo que algún directivo o encargado leerá esto y pueda de manera constructiva mejorar el comportamiento de sus trabajadores también solo quiero hacer diferencia y mención a los que realmente se ponen la camiseta demostrando no solo su profesionalismo y su ganas de hacer las cosas bien destacando por su agrable trato su educación y saber estar y sus ganas de demostrar que en holiday gym puedes sentirte a gusto entrenando porque te sabrán guiar entre ellos destaco a quique a josé ortega y gasset nacho y césar como también a las dos chicas de recepción únicamente estas personas hacen que el centro se pueda considerar en si un espacio donde el servicio es agradable y te hagan sentir a gusto entrenando,negative,positive,0.68995600938797
11367,funciona todo perfectamente ha cambiado bastante desde su apertura ahora las maquinas las reparan con mucha mayor celeridad el unico pero que pondria es el calor desmesurado que hace en la zona de cardio,positive,negative,0.5348252058029175
5222,instalaciones súper limpias atención increíble máquinas en buen estado lo recomiendo 100 yenny la recepcionista muy atenta!!,positive,negative,0.6034196019172668
8789,soy socia de go fit montecarmelo desde hace más de 12 años siempre he estado muy contenta por la profesionalidad de sus monitores y por las instalaciones hasta ahora últimamente está tan petado que es imposible reservar actividades o usar las máquinas sin estar esperando tiempo a que queden libres espero que limiten coger nuevos usuarios,negative,positive,0.6721581816673279
3565,muy maja la chica que me atendió que se llamaba raquel todo pinta bien seré cliente en breves un saludo,positive,negative,0.544450581073761
12772,hola solo tengo una pregunta una vez que me inscriba puedo pagar en efectivo porque por targeta no puedo y no no tengo nadie que me haga el favor de pagarme con targeta gracias,positive,negative,0.47954297065734863
12009,el gimnasio es súper completo con instalaciones muy nuevas y no se inunda tras la lluvia monumental que ha habido en madrid así que no se puede pedir más !,positive,negative,0.4171234965324402
5,voy en la mañana y el gimnasio esta impecable y muy limpio para darle uso y sin contar la amabilidad de jesus que sobresalta y hace que sea mucho acogedor a la hora de ir a entrenar,positive,negative,0.49574151635169983
13026,actualizo mi puntuación antes dudaba en recomendar este gym al principio todo bonito después de 4 años directamente no la recomiendo razones varias unas de ellas limpieza del establecimiento da pena el trato que brindan el personal da mucho que desear no todos pero la mayoria máquinas rotas cada semana se olvidaron totalmente de la satisfacer al cliente un pena,negative,positive,0.5362269878387451
9884,alfredo súper simpatico,positive,negative,0.5083271265029907
10655,es un muy buen lugar para ir a hacer deporte tiene sala de cardio y sala de pesas lo único malo es que la música que está en la sala de cardio a veces está muy alta,positive,negative,0.46392107009887695
13559,una vergüenza en su conjunto lleno de individuos y gente que solo va a mirar a chicas y a estar con el móvil ocupando máquinas o bancos durante 45 minutos poco equipamiento y el que hay son máquinas que sobran de otros gimnasios altafit donde sí hay dinero torre picasso cuatro caminos bernabéu etc los trabajadores pasan de todo normal por otra parte cada 2 meses cambian excepto 3 de los que hay eso sí la cuota mensual sí que es igual a la de los gimnasios de la zona premium de madrid edito voy bastante por el gimnasio de hecho ayer os puse una hoja de reclamaciones un saludo y sí las máquinas deluixe están geniales pero cuando vas a por un banco reclinable… sorpresa hay 3 como sigo diciendo cuando vas a los altafit bernabéu cuatro caminos torre picasso o hasta el de madrid rio no te encuentras estas basuras,negative,positive,0.5659744739532471
6554,gym ideal moderno que lo tiene todo en pleno centro de madrid y con posiblidad de entrenar en otros centros de la ciudad tambien son 15 he probado tanto el otro en ortega y gasset como en bernabeu pero me quedo con este con muchisima diferencia muchas actividades como ciclo indoor y tambien posiblidad de boxeo horario inmejorable basicamente está abierto siempre menos los dias del año cuando no se te deberia ocurrir ir al gym acabo de leer que algunos han tenido problemas con el cobro después de darse de baja a mi la verdad no me pasò,positive,negative,0.4560433030128479
6981,había puesto una reseña negativa porque el gym estaba bastante obsoleto en cuanto a maquinaria pero recientemente han comprado maquinaria nueva y han cambiado el gym a mucho mejor y es ahora mucho más recomendable,positive,negative,0.7791795134544373
5413,miércoles 05 de junio la monitora de gimnasio exigía a la gente salir del gimnasio menos a sus amigos quienes seguían entrenando sin problema y prisa debería aplicarse a todos por igual y dejarse de favoritismos,negative,positive,0.3867298364639282
114,estoy en este gimnasio y los entrenadores que hay son muy majos y serviciales y la gente que hay muy amigable lo recomiendo a la gente que quiera venir …,positive,negative,0.5024651885032654
4889,son muy majos te ayudan en todo y si tienes alguna duda te la contestan con formalidad y te ayudan en la practica de cualquier ejercicio,positive,negative,0.4200113117694855
9015,para mí mi gimnasio de referencia estuve en 2016 y cuando abrieron peñagrande me cambié he vuelto a montecarmelo,positive,negative,0.4553171694278717
8860,cada día está más lleno y cada día es más difícil entrar en una clase colectiva o hacer máquinas eso sí el gimnasio en sí esta muy bien máquinas bastante nuevas y bastantes clases colectivas pero repito muy lleno el parking a partir de la 19h imposible aparcar los coches mal aparcados por todos los lados,negative,positive,0.572769045829773
13199,cristina estela gallego llevo ya unos cuantos años y los que quedan el personal mola mucho y además es súper profesional por favor no cambiéis!!!!,positive,negative,0.6028932929039001
6524,todo lo que pidas lo tienen el dueño y la encargada muy majos,positive,negative,0.6693459749221802
5160,merece la pena a pesar de la gente! la atención de jorge inmejorable muy atento a que no faltara nada …,positive,negative,0.6690229773521423
9062,variedad de maquinas y actividades pero muy masificado,positive,negative,0.602929949760437
8402,la sala esta genial solo faltan un par de cosas cinturones para lastradas y pesas de 6 7 8 9 kg baños es un poco desastre un poco sucios y incluso sin papel higiénico las duchas es lo peor al no poder regular la temperatura yo entreno por las mañas debería haber una planificación para que al llegar todo estuviese perfecto invertir en eso y seréis el mejor gimnasio de madrid!,positive,negative,0.9025367498397827
7492,no todos usan toallas el aire acondicionado funciona a medias como las duchas o están calientes o realmente no funcionan,positive,negative,0.5173895955085754
4420,dario ha podido mostrarme el gym en que me quedé,positive,negative,0.44303813576698303
6848,tuve un problema con el cambio de plan y me ayudaron,positive,negative,0.5765859484672546
4462,ha sido muy maja,positive,negative,0.5510770678520203
12569,como graduado en ciencias de la actividad física monitor de animación y en definitiva trabajador de este sector me gustaría se tuviera en cuenta la profesionalidad e implicación de los monitores sandra y julio que son dos profesionales de los pies a la cabeza ya ni si quiera vivo en esta zona y sigo acudiendo a este centro a entrenar por monitores como ellos siempre atentos y dispuestos a echar una mano en lo que haga falta,positive,negative,0.4284709095954895
791,muy correcto el mejor gimnasio con diferencia en la zona de madrid está completamente equipado con todas las maquinarias y precisamente conozco la cadena de cuando vivía en new york el trato muy correcto y el precio excepcional si vives o estás de paso y te queda cerca no dudes en q este es tu gym,positive,negative,0.5047003030776978
4399,me ha atendido lucía en el mostrador y el trato es de 10,positive,negative,0.6172439455986023
3901,fui un par de días porque me pillaba cerca raquel súper atenta me asesoró sobre todas las opciones del gimnasio 10 10,positive,negative,0.5851982831954956
9416,las instalaciones y el personal son fantásticos y cuentan con todo tipo de maquinas para poder tener un entrenamiento óptimo la localización del gimnasio es buena si tienes coche pero si tienes que ir en transporte público puede ser un poco más complicado a nivel negativo es el orden y organización de gimnasio llevaba tiempo sin ir a este gimnasio y he notado que ahora hay más desorden las personas que entrenan ahí en la zona de pesos no devuelven lo que usan a su sitio haciendo la experiencia bastante mala el otro día me pase un buen rato buscando unas mancuernas de un peso específico que estaban abandonadas en la otra punta del gimnasio,positive,negative,0.6829916834831238
9995,las instalaciones increíbles,positive,negative,0.44022879004478455
8375,el centro es amplio y es lo mejor que tiene personalmente veo una gestión bastante deficiente y una dejadez bastante generalizada incluso en el personal algunas taquillas rotas que no se arreglan baños y vestuarios cuya limpieza y mantenimiento es muy mejorable aparatos que deberían cambiarse porque salta a la vista que ya están viejos y semana sí semana también tienen que colgar el cartel de fuera de servicio en general no hay una relación calidad precio adecuada y la atención al usuario no brilla precisamente por su interés parece que les da bastante igual lo que les digas,negative,positive,0.42287445068359375
2633,así estábamos entrenando ayer a las 7 de la tarde si no queréis vivir la experiencia maravillosa del 2x1 en sauna entrenamiento de crossfit no os apuntéis,negative,positive,0.6850242614746094
4748,hoy fui en la mañana me atendió una chica rubia súper amable,positive,negative,0.5789523720741272
13087,las instalaciones están bien pues tienen mucha maquinaria pero también muchísima gente por lo que has de esperar siempre cuando queda media hora para cerrar quitan la musica cosa que no entiendo por favor cambien este metodo de echar a la gente media hora antes,negative,positive,0.7625754475593567
10089,en gimasnio en si es una auténtica pasada muy espacioso máquinas brutales que te cuentan las repeticiones está muy bien equipado y el personal es bastante amable la única queja que tengo es relacionada con en el spa fui con mi pareja y pensábamos que el precio de la entrada al gimasnio venía incluido con la entrada al spa cosa que no era así fallo nuestro por no mirarlo bien pero la encargada del spa una vez que estábamos ya dentro nos pregunta que si teníamos cita y nosotros le dijimos que no que habiamos comprado una entrada y ya esta y ella nos dice que bueno que no pasa nada que disfrutemos del spa y que lo va consultar con recepción para la próxima vez bueno pues cuando ya nos vamos a ir entran la encargada y otra chica que iba con ella al vestuario repito las dos a decirme que nos habíamos equivocado y que teníamos que pagar muy nefasto y rastreropor su parte entiendo que si llegamos a saber eso y aún así nos quedamos en el spa nos hagas pagar pero no fue así deja mucho que desear que gente así lleve el spa,positive,negative,0.5358895063400269
9280,fabuloso voy diariamente,positive,negative,0.46169212460517883
13274,es un gran gimnasio pero esta muy masificado,positive,negative,0.6182427406311035
7610,ultramasificado incluso a la hora de comer vivagym ha comprado altafit y todo se ha comprimido,negative,positive,0.46839621663093567
2009,trato inmejorable por parte del empleado kike implicado atento y muy cercano con la gente!! el tipo de profesional que se necesita en cualquier trabajo de cara al público,positive,negative,0.8163644075393677
648,el problema del agua caliente en los lavabos que era la única pega se ha solucionado finalmente,positive,negative,0.6377044320106506
11775,desde 2018 entreno en este gimnasio y desde entonces observo dos cosas las continuas subidas de cuota mensual y el incremento del aforo que impide entrenar con normalidad cualquiera que sea la hora a la que se acuda el sentido común diria que un servicio más caro debería verse acompañado de una mejora de la calidad pues nada más lejos de la realidad año tras año se incrementa el número de socios en sala y las medidas para paliar este incremento son poner carteles donde se recomienda compartir el uso de maquinas con las gym bros y sister propongo 4 medidas limitar el aforo máximo de personas en sala mediante reserva previa que la aceptación de nuevos socios vaya acompañada de la baja de otros aumentar el espacio de entrenamiento alquilar local contiguo incrementar la cuota y convertirse en un gimnasio premium con mejora real del servicio no anuncios de sostenibilidad medioambiental aunque la mejor de todas sería que apareciera competencia privada en la zona para forzar la mejora continua adicionalmente la tasa de reposición de máquinas asi como la calidad de las mismas dista mucho de la de otros gimnasios dreamfit véase ventas por poner un ejemplo llevamos esperando la reposición de un cajón de salto de 45 cm que falta desde 2022 y desde entonces indican que van a traer uno esperemos que los reyes magos esté año si lo traigan finalmente,negative,positive,0.5535053610801697
12651,creo que el fallo lo tienen en la musica que no motiva a entrenar soy un chico muy sociable y destesto desconectarme con audifono pero la musica no te inspira a correr a no entrenar debe haber musicon de gym,positive,negative,0.8928216099739075
9686,gimnasio completo con aparcamiento bastante concurrido pero por el momento se puede trabajar algunas de las fotografías publicadas no se corresponden con el centro,positive,negative,0.48379960656166077
3677,el sitio al principio bien pero ahora tan lleno de gente que no puedes hacer nada al parecer no han puesto foro y no paran de meter a más gente para dos maquinas estuve 30 minutos esperando eso sí las maquinas genial y el sitio genial,negative,positive,0.8072604537010193
11235,lo he visitado en algunas ocasiones durante este verano dado que mi gimnasio habitual es el de aluche y al haber estado de reformas se nos permitía visitar gratis otros dreamfit claro después de llevar años en aluche este gym me ha parecido inmenso nada que ver con el mío un solarium como dios manda e incluso con baño de vapor también sauna cientos de máquinas varias plantas vestuarios grandes que no se saturan todo excelente la verdad pero repito vengo de uno mucho más pequeño y mi opinión es algo sesgada,positive,negative,0.6720742583274841
5354,la web funciona mal los términos y condiciones de compra están mal tipificados en su web ningún responsable presente en el gimnasio el servicio de atención telefónica con la línea abierta y cortando llamadas sin cogerlas empezamos bien edit 2 8 23 me solucionaron los problemas presencialmente de manera muy amable y eficiente llego ya un tiempo yendo al gimnasio y estoy muy a gusto hasta la fecha,positive,negative,0.7227523922920227
9869,hay muchos rocosos y rocosas en horas puntas hay mucha gente,positive,negative,0.48387378454208374
2999,si sigo apuntada es por las clases benditos profesores que sacan adelante un gimnasio abarrotado y a 30 grados,negative,positive,0.6350652575492859
11857,un lugar donde ir más allá de tus límites donde sigues cuando crees que no puedes un sitio donde encuentras fantásticos profesionales de la salud un rincón en el que puedes mostrarte tal y como eres sin miedo a que te juzguen un espacio donde dar rienda suelta al apetito de superación y ensuciarte buscando la satisfacción una lástima que cerraran el burguer king de al lado siempre nos quedará el kebab ah el gimnasio tampoco está mal el verde queda bien en el logo y las botellas son de buena calidad atentamente raúl meco cuenca,positive,negative,0.46926483511924744
8759,para quien le guste mucho el gimnasio estupendo fuimos con invitación pero lo más atractivo que era el spa hacia un calor asfixiante y el agua del jacuzzi no estaba muy caliente aunque parecía las piscinas sobre todo la grande tampoco estaba caliente y eso que en la calle hacía calor muchas máquinas y muy modernas pero en la sala con no muy buen olor no me pareció muy cómodo ni agradable,positive,negative,0.6105050444602966
234,muy pequeño y pocas máquinas a comparación de otros lugares que he visitado muy incompleto,negative,positive,0.38926270604133606
11591,buenas instalaciones muy saturado no hay gente para preguntar como hacer los ejercicios,negative,positive,0.6445472836494446
11184,hago uso de las maquinas de musculacion y tambien ciclo y no puedo estar más contenta he conocido muchos gimnasios y éste para mi es el mejor de madrid sin duda,positive,negative,0.6061126589775085
39,ivan y los monitores están atentos y ayudan en cualquier momento falta maquinaria y tanto cuesta ?? • no hay máquina de gemelo • ni de femoral tumbado •ni jaca o sentadilla •se podría eliminar bastantes máquinas de cardio ocupando espacio pudiendo dejar sitio para introducir otras máquinas tipo jalón o pecho inclinado • eliminar dos máquinas que justo al lado de la prensa hidráulica por lo demás muy buen ambiente entre la gente,positive,negative,0.4678373336791992
12423,hasta el 31 de diciembre de 2024 sigo en el gym… pero salgo corriendo … donde un tal d jorge gonzález… me imagino que gerente o supervisor aún no conoce lo que es el ipc y lo que es aplicar un 2 para el 2025 algo lógico y aplican subidas por encima del 6 … y así los últimos 6 años… porque si… y si añadimos que la sauna estuvo 3 meses sin funcionar un poco caos y ambas salas muy sucia que solo limpian lo que se ve gimnasio muy masificado y con monitores muy majos pero no he visto rectificar una postura ni ayudar a los novatos … creo que se aprovechan de los deportistas y los jóvenes y sus imposiciones porque si… pero en esos precios y por debajo ya hay álternativas mucho mejores… se merecen que se salgan 200… felices fiestas !!,negative,positive,0.42062732577323914
10104,el gym está muy bien la única pega que le veo es que han ido privatizando las distintas especialidades clases y solo se han quedado con cyclo y poco más si quieres hacer otra clase hay que contratarlo aparte con otra empresa por ejemplo en mi caso tendría que pagar aparte fightland para asistir a clases de boxeo un par de veces por semana de esta manera sube mucho el precio,positive,negative,0.6496201753616333
8093,son unos grandes profesionales instalaciones inmejorables y un trato personal que no encuentras en otros gimnasios,positive,negative,0.4511744976043701
4697,milagros es una chica espectacular muy atenta y sonriente mucha disposición,positive,negative,0.5027079582214355
12702,entrenadores de sala geniales instalaciones aceptables servicios administrativos que podrían mejorar,negative,positive,0.8663499355316162
1648,llevo en este gym 6 meses puedo decir que es un gimnasio con muchas maquinas tanto para hacer cardio como para hacer hipertrofia ademas de que tiene varios planes por lo que siempre encontraras el más adecuado lo malo? que al ser tan bueno hay mucha gente metida y claro tienes que compartir maquina pero para mi vale la pena hay que madrugar!,positive,negative,0.6971521973609924
13269,habéis puesto matrícula gratis hasta el 31 d agosto y ahora resulta q no hay en madrid capital vergüenza,negative,positive,0.3646099269390106
6954,es bastante amplio tiene variedad de maquinas no suele estar excesivamente concurrido si ya sabes cómo entrenar sin problema buena ubicación quizas para la gente nueva es un poco jaleo ya que si no pagas entrenador te dejan al libre albedrío y sin una tabla especifica para realizar todo muy genérico y sin saber muy bien si lo haces bien o mal en las maquinas,positive,negative,0.5888394713401794
445,hola buenas tarde me encanta entregar pero el gym donde voy es muy pequeño y no esta ventilado y a la hora q voy esta q no hay donde ponerme de lo llevo q esta y tampoco no hay muchas maquina de piernas pero bueno haber si lo pensando un poquito y cambia un poco otra cosa las duchamp el agua sale hirviendo q no se puede ni duchar es horrible es en este del barrio del pilar porq en los demas esta muy bien haber si hacen un poquito por mejorarlo ok gracias,negative,positive,0.5344681739807129
8871,el gimnasio está muy bien las actividades y los monitores son muy buenos le pongo 4estrellas porque el parking es pésimo el de superficie son muy estrechas las plazas de hecho me dieron un golpe el otro día y es frecuente los picotazos con las puertas el subterráneo con una longitud de coche de 4 92m lo pasas mal para entrar ya salir es una odisea,positive,negative,0.6939579248428345
3245,excelente atención y máquinas pero es muy oscuro y falta un poco de conciencia de quiénes entrenan en la higiene con la limpieza porque en la mañana todo está súper limpio y en la tarde no tiene arrimadero algunas zonas pueden tener más espejos…,positive,negative,0.4424441456794739
